{
  "auprc": 0.04718946116210325,
  "mrr": 0.0003452402284840266,
  "hits@1": 0.0,
  "hits@3": 0.0,
  "hits@10": 0.0,
  "checkpoint_seed": 2
}