{
  "auprc": 0.046239495915998324,
  "mrr": 0.0004186302003610086,
  "hits@1": 0.0,
  "hits@3": 0.0,
  "hits@10": 0.0,
  "checkpoint_seed": 2
}