{
  "auprc": 0.729975937210959,
  "mrr": 0.06455232320910145,
  "hits@1": 0.011702127659574468,
  "hits@3": 0.04680851063829787,
  "hits@10": 0.1702127659574468,
  "checkpoint_seed": 1
}