{
  "auprc": 0.7726188728093487,
  "mrr": 0.07187586283626538,
  "hits@1": 0.022388059701492536,
  "hits@3": 0.05863539445628998,
  "hits@10": 0.15778251599147122,
  "checkpoint_seed": 1
}