{
  "auprc": 0.6513268334619879,
  "mrr": 0.04465118825590489,
  "hits@1": 0.008528784648187633,
  "hits@3": 0.026652452025586353,
  "hits@10": 0.1140724946695096,
  "checkpoint_seed": 0
}