{
  "auprc": 0.6791716859105102,
  "mrr": 0.047563499775155796,
  "hits@1": 0.00425531914893617,
  "hits@3": 0.039361702127659576,
  "hits@10": 0.1276595744680851,
  "checkpoint_seed": 0
}