{
  "per_mode": {
    "with_quad": {
      "val": {
        "auprc": {
          "mean": 0.6721530960590997,
          "std": 0.05816915938494781,
          "n": 3
        },
        "mrr": {
          "mean": 0.052480408769963655,
          "std": 0.01379925228506735,
          "n": 3
        },
        "hits@1": {
          "mean": 0.013503909026297086,
          "std": 0.0062971020421710554,
          "n": 3
        },
        "hits@3": {
          "mean": 0.035891968727789623,
          "std": 0.016175986747322024,
          "n": 3
        },
        "hits@10": {
          "mean": 0.1275764036958067,
          "std": 0.02139881907224534,
          "n": 3
        }
      },
      "test": {
        "auprc": {
          "mean": 0.680900097296485,
          "std": 0.0393836025840348,
          "n": 3
        },
        "mrr": {
          "mean": 0.05194140834377061,
          "std": 0.00905508420460644,
          "n": 3
        },
        "hits@1": {
          "mean": 0.007446808510638297,
          "std": 0.0031318300944424985,
          "n": 3
        },
        "hits@3": {
          "mean": 0.03971631205673759,
          "std": 0.00565155228741462,
          "n": 3
        },
        "hits@10": {
          "mean": 0.14184397163120566,
          "std": 0.020059766842171565,
          "n": 3
        }
      }
    },
    "no_quad": {
      "val": {
        "auprc": {
          "mean": 0.26736570415167227,
          "std": 0.31223591893536684,
          "n": 3
        },
        "mrr": {
          "mean": 0.024044936241745307,
          "std": 0.03354888672306709,
          "n": 3
        },
        "hits@1": {
          "mean": 0.007107320540156361,
          "std": 0.010051269100021997,
          "n": 3
        },
        "hits@3": {
          "mean": 0.017057569296375266,
          "std": 0.024123045840052794,
          "n": 3
        },
        "hits@10": {
          "mean": 0.05792466240227434,
          "std": 0.08191784316517928,
          "n": 3
        }
      },
      "test": {
        "auprc": {
          "mean": 0.27956099173192567,
          "std": 0.3274728484496655,
          "n": 3
        },
        "mrr": {
          "mean": 0.026991368777195598,
          "std": 0.03739697319074221,
          "n": 3
        },
        "hits@1": {
          "mean": 0.009574468085106383,
          "std": 0.013540342618465805,
          "n": 3
        },
        "hits@3": {
          "mean": 0.01950354609929078,
          "std": 0.027582179407985897,
          "n": 3
        },
        "hits@10": {
          "mean": 0.062411347517730496,
          "std": 0.08751181055187407,
          "n": 3
        }
      }
    }
  },
  "manifest": "runs/ablation_e50_3splits/run_manifest.tsv"
}