{
  "auprc": 0.6300562737067765,
  "mrr": 0.04091417521772069,
  "hits@1": 0.009594882729211088,
  "hits@3": 0.022388059701492536,
  "hits@10": 0.11087420042643924,
  "checkpoint_seed": 2
}