{
  "auprc": 0.6335526687679859,
  "mrr": 0.04370840204705459,
  "hits@1": 0.006382978723404255,
  "hits@3": 0.03297872340425532,
  "hits@10": 0.1276595744680851,
  "checkpoint_seed": 2
}