{
  "auprc": 0.7426730484846822,
  "mrr": 0.07987846506827083,
  "hits@1": 0.02872340425531915,
  "hits@3": 0.05851063829787234,
  "hits@10": 0.18617021276595744,
  "checkpoint_seed": 0
}