{
  "auprc": 0.7092394406234529,
  "mrr": 0.07149021945002837,
  "hits@1": 0.021321961620469083,
  "hits@3": 0.0511727078891258,
  "hits@10": 0.17377398720682302,
  "checkpoint_seed": 0
}