{
  "auprc": 0.049770430795096424,
  "mrr": 0.0006770110629549454,
  "hits@1": 0.0,
  "hits@3": 0.0,
  "hits@10": 0.0010638297872340426,
  "checkpoint_seed": 1
}