{
  "auprc": 0.04599929068323487,
  "mrr": 0.00029934904672352324,
  "hits@1": 0.0,
  "hits@3": 0.0,
  "hits@10": 0.0,
  "checkpoint_seed": 1
}